{
  "project_info": {
    "project_number": "398806005746",
    "project_id": "healtha-93400",
    "storage_bucket": "healtha-93400.appspot.com"
  },
  "client": [
    {
      "client_info": {
        "mobilesdk_app_id": "1:398806005746:android:ccb88839ece53c4fbd9d6b",
        "android_client_info": {
          "package_name": "com.healtha.healthapatient"
        }
      },
      "oauth_client": [
        {
          "client_id": "398806005746-c6c7l3o29vtlohb39dhaos6fnm3ehu0q.apps.googleusercontent.com",
          "client_type": 3
        }
      ],
      "api_key": [
        {
          "current_key": "AIzaSyDS1LWHASpQb_HaSpJY1ofo33GjeyN0oj4"
        }
      ],
      "services": {
        "appinvite_service": {
          "other_platform_oauth_client": [
            {
              "client_id": "398806005746-c6c7l3o29vtlohb39dhaos6fnm3ehu0q.apps.googleusercontent.com",
              "client_type": 3
            }
          ]
        }
      }
    }
  ],
  "configuration_version": "1"
}